first_name,last_name,email,member_identifier
Harold,Holmes,harold.holmes@foo.bar,CM100007
Dale,Rogers,dale.rogers@foo.bar,CM100702
Alford,Roberts,alford.roberts@foo.bar,CM100708
Rosie,Carter,rosie.carter@foo.bar,CM101319
Adelaide,Reed,adelaide.reed@foo.bar,CM101419
Edwin,Douglas,edwin.douglas@foo.bar,CM101774
Carlos,Williams,carlos.williams@foo.bar,CM101910
Arnold,Jones,arnold.jones@foo.bar,CM102971
Miranda,Holmes,miranda.holmes@foo.bar,CM103070
Haris,Gray,haris.gray@foo.bar,CM104559
Richard,Johnson,richard.johnson@foo.bar,CM105394
Roland,Barrett,roland.barrett@foo.bar,CM105532
Vanessa,Allen,vanessa.allen@foo.bar,CM105544
Nicholas,Armstrong,nicholas.armstrong@foo.bar,CM105577
James,Campbell,james.campbell@foo.bar,CM105724
Dexter,Cooper,dexter.cooper@foo.bar,CM106405
Dexter,Alexander,dexter.alexander@foo.bar,CM106533
Edith,Hill,edith.hill@foo.bar,CM106581
Lana,Harris,lana.harris@foo.bar,CM107114
Dale,Carter,dale.carter@foo.bar,CM107420
Emily,Holmes,emily.holmes@foo.bar,CM108043
Clark,Jones,clark.jones@foo.bar,CM108560
Alberta,Thompson,alberta.thompson@foo.bar,CM108595
Sam,Elliott,sam.elliott@foo.bar,CM108820
Lana,Miller,lana.miller@foo.bar,CM109321
Derek,Walker,derek.walker@foo.bar,CM110375
Roland,Alexander,roland.alexander@foo.bar,CM111818
Alford,Gibson,alford.gibson@foo.bar,CM112373
Lyndon,Morris,lyndon.morris@foo.bar,CM112775
Myra,Stewart,myra.stewart@foo.bar,CM113658
Carina,Carter,carina.carter@foo.bar,CM113990
Ada,Gray,ada.gray@foo.bar,CM114255
Dominik,Dixon,dominik.dixon@foo.bar,CM115215
Adrian,Baker,adrian.baker@foo.bar,CM115385
Richard,Clark,richard.clark@foo.bar,CM116764
Fenton,Williams,fenton.williams@foo.bar,CM117436
Maria,Sullivan,maria.sullivan@foo.bar,CM117905
Evelyn,Wells,evelyn.wells@foo.bar,CM119034
Darcy,Myers,darcy.myers@foo.bar,CM119067
Vanessa,Smith,vanessa.smith@foo.bar,CM119186
Sabrina,Harris,sabrina.harris@foo.bar,CM120220
Sienna,Gibson,sienna.gibson@foo.bar,CM122531
Violet,Gibson,violet.gibson@foo.bar,CM122579
Miller,Parker,miller.parker@foo.bar,CM125129
Florrie,Sullivan,florrie.sullivan@foo.bar,CM125673
Kristian,Barnes,kristian.barnes@foo.bar,CM127425
Clark,Hunt,clark.hunt@foo.bar,CM127864
Albert,Evans,albert.evans@foo.bar,CM128071
Maximilian,Chapman,maximilian.chapman@foo.bar,CM128297
Robert,Lloyd,robert.lloyd@foo.bar,CM128628
Samantha,Tucker,samantha.tucker@foo.bar,CM128847
Michelle,Cameron,michelle.cameron@foo.bar,CM129758
Annabella,Andrews,annabella.andrews@foo.bar,CM131092
Arianna,Tucker,arianna.tucker@foo.bar,CM131770
Ned,Myers,ned.myers@foo.bar,CM133983
James,Foster,james.foster@foo.bar,CM135658
Aida,Ferguson,aida.ferguson@foo.bar,CM136200
Alen,Wright,alen.wright@foo.bar,CM136254
Frederick,West,frederick.west@foo.bar,CM136265
Savana,Moore,savana.moore@foo.bar,CM136437
Ryan,Evans,ryan.evans@foo.bar,CM136660
Adison,Anderson,adison.anderson@foo.bar,CM137970
Lyndon,Jones,lyndon.jones@foo.bar,CM138384
Maria,Riley,maria.riley@foo.bar,CM138850
Frederick,Anderson,frederick.anderson@foo.bar,CM139183
Kate,Anderson,kate.anderson@foo.bar,CM139532
Aiden,Perkins,aiden.perkins@foo.bar,CM140727
Julian,Phillips,julian.phillips@foo.bar,CM142140
Andrew,Spencer,andrew.spencer@foo.bar,CM142586
Edgar,Morris,edgar.morris@foo.bar,CM144145
Dexter,Anderson,dexter.anderson@foo.bar,CM144785
Caroline,Walker,caroline.walker@foo.bar,CM145000
Alan,Douglas,alan.douglas@foo.bar,CM146645
Freddie,Foster,freddie.foster@foo.bar,CM148279
Henry,Perry,henry.perry@foo.bar,CM148800
Kelvin,West,kelvin.west@foo.bar,CM149798
Penelope,Wilson,penelope.wilson@foo.bar,CM149966
Jenna,Reed,jenna.reed@foo.bar,CM150272
Steven,Barrett,steven.barrett@foo.bar,CM150589
Sophia,Henderson,sophia.henderson@foo.bar,CM151098
Lucas,Kelley,lucas.kelley@foo.bar,CM151232
Isabella,Richards,isabella.richards@foo.bar,CM152512
April,Morris,april.morris@foo.bar,CM154339
Sofia,Hall,sofia.hall@foo.bar,CM156350
Joyce,Barnes,joyce.barnes@foo.bar,CM158031
Miller,Hamilton,miller.hamilton@foo.bar,CM158454
Isabella,Kelley,isabella.kelley@foo.bar,CM158469
Tara,Ellis,tara.ellis@foo.bar,CM159107
Ellia,Gray,ellia.gray@foo.bar,CM160272
David,Parker,david.parker@foo.bar,CM160827
Mike,Higgins,mike.higgins@foo.bar,CM162900
Alberta,Hunt,alberta.hunt@foo.bar,CM165260
Frederick,Russell,frederick.russell@foo.bar,CM165418
Tara,Farrell,tara.farrell@foo.bar,CM165603
Albert,Murphy,albert.murphy@foo.bar,CM165610
Adrian,Gibson,adrian.gibson@foo.bar,CM166317
Olivia,Morrison,olivia.morrison@foo.bar,CM166980
Aida,Evans,aida.evans@foo.bar,CM168015
Victoria,Stewart,victoria.stewart@foo.bar,CM168227
Victor,Williams,victor.williams@foo.bar,CM168646
Miley,Scott,miley.scott@foo.bar,CM168684
Tess,Russell,tess.russell@foo.bar,CM170362
Michelle,Richardson,michelle.richardson@foo.bar,CM172080
Stella,Harris,stella.harris@foo.bar,CM174202
Michael,Holmes,michael.holmes@foo.bar,CM174292
Honey,Hunt,honey.hunt@foo.bar,CM174630
Myra,Dixon,myra.dixon@foo.bar,CM174928
Spike,Armstrong,spike.armstrong@foo.bar,CM175476
David,Andrews,david.andrews@foo.bar,CM176050
Adelaide,West,adelaide.west@foo.bar,CM178354
Rubie,Ferguson,rubie.ferguson@foo.bar,CM178674
Brianna,Thompson,brianna.thompson@foo.bar,CM179160
Fiona,Hill,fiona.hill@foo.bar,CM181673
Oliver,Cole,oliver.cole@foo.bar,CM182677
Alford,Cooper,alford.cooper@foo.bar,CM182870
Chloe,Cameron,chloe.cameron@foo.bar,CM183326
Roman,Ross,roman.ross@foo.bar,CM186395
Kelvin,Ellis,kelvin.ellis@foo.bar,CM186783
Vincent,Morgan,vincent.morgan@foo.bar,CM187979
Derek,West,derek.west@foo.bar,CM188232
Alfred,Cameron,alfred.cameron@foo.bar,CM189169
Alexander,Ferguson,alexander.ferguson@foo.bar,CM189260
Tara,Hall,tara.hall@foo.bar,CM189349
Kate,Campbell,kate.campbell@foo.bar,CM189700
Ryan,Russell,ryan.russell@foo.bar,CM193248
Deanna,Walker,deanna.walker@foo.bar,CM193375
Aida,Chapman,aida.chapman@foo.bar,CM194082
Sabrina,West,sabrina.west@foo.bar,CM195210
Vivian,Cole,vivian.cole@foo.bar,CM195712
Alexia,Moore,alexia.moore@foo.bar,CM196705
Jordan,Kelley,jordan.kelley@foo.bar,CM196868
Alen,Craig,alen.craig@foo.bar,CM197302
Dainton,Hill,dainton.hill@foo.bar,CM198360
Freddie,Walker,freddie.walker@foo.bar,CM199048
Nicole,Clark,nicole.clark@foo.bar,CM203724
David,Armstrong,david.armstrong@foo.bar,CM204485
Ryan,Hawkins,ryan.hawkins@foo.bar,CM204494
Ellia,Morrison,ellia.morrison@foo.bar,CM205388
Preston,Nelson,preston.nelson@foo.bar,CM205804
Tiana,Taylor,tiana.taylor@foo.bar,CM206489
Valeria,Ellis,valeria.ellis@foo.bar,CM207330
Dominik,Ryan,dominik.ryan@foo.bar,CM207438
Tiana,Miller,tiana.miller@foo.bar,CM208742
Alen,Bennett,alen.bennett@foo.bar,CM209043
Mike,Elliott,mike.elliott@foo.bar,CM210792
Max,Sullivan,max.sullivan@foo.bar,CM211852
Kevin,Adams,kevin.adams@foo.bar,CM211962
Blake,Richards,blake.richards@foo.bar,CM212236
Derek,Higgins,derek.higgins@foo.bar,CM212450
Ada,Cole,ada.cole@foo.bar,CM213056
Julian,Anderson,julian.anderson@foo.bar,CM213489
Antony,Henderson,antony.henderson@foo.bar,CM214321
Garry,Wright,garry.wright@foo.bar,CM214892
Alen,Turner,alen.turner@foo.bar,CM214900
April,Gray,april.gray@foo.bar,CM214955
Ryan,Chapman,ryan.chapman@foo.bar,CM215253
Carl,Walker,carl.walker@foo.bar,CM215259
Derek,Smith,derek.smith@foo.bar,CM215965
Albert,Mitchell,albert.mitchell@foo.bar,CM215988
Edgar,Cunningham,edgar.cunningham@foo.bar,CM216012
Annabella,Harper,annabella.harper@foo.bar,CM217624
Lucy,Stevens,lucy.stevens@foo.bar,CM217939
Alexander,Walker,alexander.walker@foo.bar,CM219062
Michelle,Lloyd,michelle.lloyd@foo.bar,CM219480
Daniel,Rogers,daniel.rogers@foo.bar,CM221298
Brad,Gibson,brad.gibson@foo.bar,CM222572
Nicole,Reed,nicole.reed@foo.bar,CM223231
Michael,Harper,michael.harper@foo.bar,CM223573
Oliver,Richardson,oliver.richardson@foo.bar,CM224971
Samantha,Roberts,samantha.roberts@foo.bar,CM225214
Deanna,Hawkins,deanna.hawkins@foo.bar,CM225587
Stella,Moore,stella.moore@foo.bar,CM226235
Tyler,Nelson,tyler.nelson@foo.bar,CM226590
Richard,Sullivan,richard.sullivan@foo.bar,CM226856
Miranda,Ellis,miranda.ellis@foo.bar,CM228723
Maximilian,Howard,maximilian.howard@foo.bar,CM230208
Sabrina,Richards,sabrina.richards@foo.bar,CM230235
Ted,Smith,ted.smith@foo.bar,CM230337
Sienna,Parker,sienna.parker@foo.bar,CM230350
Deanna,Richards,deanna.richards@foo.bar,CM230861
Sydney,West,sydney.west@foo.bar,CM231707
Lucia,Murray,lucia.murray@foo.bar,CM232545
Dale,Johnson,dale.johnson@foo.bar,CM232700
Paul,Jones,paul.jones@foo.bar,CM233239
Lydia,Rogers,lydia.rogers@foo.bar,CM233584
Eleanor,Montgomery,eleanor.montgomery@foo.bar,CM234554
Nicole,Crawford,nicole.crawford@foo.bar,CM235097
Byron,Carter,byron.carter@foo.bar,CM235560
Cadie,Carter,cadie.carter@foo.bar,CM236965
David,Kelley,david.kelley@foo.bar,CM236985
Valeria,Bailey,valeria.bailey@foo.bar,CM237194
Daryl,Morris,daryl.morris@foo.bar,CM237392
Miller,Harrison,miller.harrison@foo.bar,CM237520
Adrian,Reed,adrian.reed@foo.bar,CM237560
Rebecca,Johnson,rebecca.johnson@foo.bar,CM238052
Walter,Williams,walter.williams@foo.bar,CM238360
Naomi,Clark,naomi.clark@foo.bar,CM239660
Edwin,Lloyd,edwin.lloyd@foo.bar,CM239784
Alberta,Holmes,alberta.holmes@foo.bar,CM240239
Bruce,Douglas,bruce.douglas@foo.bar,CM240844
Elian,Murphy,elian.murphy@foo.bar,CM241815
Edward,Wells,edward.wells@foo.bar,CM242549
Kelvin,Phillips,kelvin.phillips@foo.bar,CM242571
Rafael,Perkins,rafael.perkins@foo.bar,CM244634
Roman,Barnes,roman.barnes@foo.bar,CM245691
Melanie,Spencer,melanie.spencer@foo.bar,CM245782
Nicholas,Allen,nicholas.allen@foo.bar,CM248055
Kellan,Casey,kellan.casey@foo.bar,CM248480
Alen,Owens,alen.owens@foo.bar,CM249110
Dexter,Morgan,dexter.morgan@foo.bar,CM250532
Ryan,Elliott,ryan.elliott@foo.bar,CM250616
Albert,Myers,albert.myers@foo.bar,CM251760
Oliver,Hunt,oliver.hunt@foo.bar,CM252637
Alissa,Payne,alissa.payne@foo.bar,CM253016
Kimberly,Henderson,kimberly.henderson@foo.bar,CM254940
Ellia,Davis,ellia.davis@foo.bar,CM255777
Camila,Crawford,camila.crawford@foo.bar,CM257659
David,Bailey,david.bailey@foo.bar,CM257862
Penelope,Mason,penelope.mason@foo.bar,CM258844
Owen,Johnson,owen.johnson@foo.bar,CM259194
Naomi,Cameron,naomi.cameron@foo.bar,CM259235
Elise,Adams,elise.adams@foo.bar,CM260417
Antony,Brown,antony.brown@foo.bar,CM260930
Julia,Myers,julia.myers@foo.bar,CM261152
Violet,Harrison,violet.harrison@foo.bar,CM261967
Adison,Nelson,adison.nelson@foo.bar,CM262695
Dexter,Fowler,dexter.fowler@foo.bar,CM265671
Stuart,Foster,stuart.foster@foo.bar,CM266252
Justin,Barnes,justin.barnes@foo.bar,CM267882
Sabrina,Alexander,sabrina.alexander@foo.bar,CM269059
Aiden,Richardson,aiden.richardson@foo.bar,CM270305
Kellan,Chapman,kellan.chapman@foo.bar,CM270472
Roland,Johnson,roland.johnson@foo.bar,CM270665
Owen,Moore,owen.moore@foo.bar,CM270711
Mike,Armstrong,mike.armstrong@foo.bar,CM270745
Kelsey,Smith,kelsey.smith@foo.bar,CM271784
Vanessa,Kelly,vanessa.kelly@foo.bar,CM272232
Sienna,Hall,sienna.hall@foo.bar,CM272686
Reid,Higgins,reid.higgins@foo.bar,CM273474
Lyndon,Fowler,lyndon.fowler@foo.bar,CM273554
James,Harrison,james.harrison@foo.bar,CM274294
Fiona,Johnson,fiona.johnson@foo.bar,CM275343
Abraham,Scott,abraham.scott@foo.bar,CM276402
Cherry,Evans,cherry.evans@foo.bar,CM276483
Edward,Thompson,edward.thompson@foo.bar,CM277278
Marcus,Kelly,marcus.kelly@foo.bar,CM277602
Henry,Thomas,henry.thomas@foo.bar,CM277775
Abraham,Brown,abraham.brown@foo.bar,CM278336
Chester,Craig,chester.craig@foo.bar,CM279609
Daisy,Stevens,daisy.stevens@foo.bar,CM280855
Lyndon,Payne,lyndon.payne@foo.bar,CM281545
Harold,Jones,harold.jones@foo.bar,CM282417
Maddie,Brooks,maddie.brooks@foo.bar,CM282725
Sophia,Morrison,sophia.morrison@foo.bar,CM282769
Samantha,Richardson,samantha.richardson@foo.bar,CM282918
Freddie,Murray,freddie.murray@foo.bar,CM283367
Catherine,Kelly,catherine.kelly@foo.bar,CM284027
Carina,Sullivan,carina.sullivan@foo.bar,CM284519
Ellia,Kelly,ellia.kelly@foo.bar,CM284553
Lenny,Anderson,lenny.anderson@foo.bar,CM285249
Ted,Edwards,ted.edwards@foo.bar,CM285554
Jack,Wells,jack.wells@foo.bar,CM286027
Brianna,Richardson,brianna.richardson@foo.bar,CM286108
Reid,Ryan,reid.ryan@foo.bar,CM287852
Adrian,Henderson,adrian.henderson@foo.bar,CM288133
Lyndon,Moore,lyndon.moore@foo.bar,CM288472
Maximilian,Adams,maximilian.adams@foo.bar,CM289246
Adrianna,Spencer,adrianna.spencer@foo.bar,CM289435
Tara,Smith,tara.smith@foo.bar,CM289835
Owen,Walker,owen.walker@foo.bar,CM292013
Aldus,Lloyd,aldus.lloyd@foo.bar,CM292308
Jack,Hunt,jack.hunt@foo.bar,CM292316
Paige,Turner,paige.turner@foo.bar,CM293624
Marcus,Taylor,marcus.taylor@foo.bar,CM293730
Arnold,Carter,arnold.carter@foo.bar,CM295047
Sam,Adams,sam.adams@foo.bar,CM295670
Miller,Stewart,miller.stewart@foo.bar,CM295671
Carina,Wilson,carina.wilson@foo.bar,CM298141
Brooke,Mitchell,brooke.mitchell@foo.bar,CM299269
Amanda,Roberts,amanda.roberts@foo.bar,CM299789
Ryan,Cameron,ryan.cameron@foo.bar,CM299871
Jacob,Roberts,jacob.roberts@foo.bar,CM300320
Elise,Howard,elise.howard@foo.bar,CM301128
Carlos,Stevens,carlos.stevens@foo.bar,CM302247
John,Adams,john.adams@foo.bar,CM302332
Kristian,Hunt,kristian.hunt@foo.bar,CM304251
Jordan,Cunningham,jordan.cunningham@foo.bar,CM306067
Mike,Perkins,mike.perkins@foo.bar,CM306090
James,Ellis,james.ellis@foo.bar,CM306618
Byron,Rogers,byron.rogers@foo.bar,CM307907
Eddy,Martin,eddy.martin@foo.bar,CM309824
Clark,Hamilton,clark.hamilton@foo.bar,CM309838
Anna,Brown,anna.brown@foo.bar,CM311549
April,Walker,april.walker@foo.bar,CM312000
Cadie,West,cadie.west@foo.bar,CM312440
Vanessa,Miller,vanessa.miller@foo.bar,CM313670
Oscar,Dixon,oscar.dixon@foo.bar,CM314240
Nicole,Phillips,nicole.phillips@foo.bar,CM314474
George,Ross,george.ross@foo.bar,CM315881
Michael,Kelly,michael.kelly@foo.bar,CM315989
Walter,Brooks,walter.brooks@foo.bar,CM316223
Kristian,Bennett,kristian.bennett@foo.bar,CM316976
Justin,Casey,justin.casey@foo.bar,CM320551
Amelia,West,amelia.west@foo.bar,CM321183
Maddie,Warren,maddie.warren@foo.bar,CM321801
Tyler,Adams,tyler.adams@foo.bar,CM321882
Adam,Fowler,adam.fowler@foo.bar,CM322498
Albert,Turner,albert.turner@foo.bar,CM322714
Annabella,Nelson,annabella.nelson@foo.bar,CM322790
Fenton,Brown,fenton.brown@foo.bar,CM324487
Jessica,Walker,jessica.walker@foo.bar,CM324926
Lucia,Edwards,lucia.edwards@foo.bar,CM325321
Kellan,Phillips,kellan.phillips@foo.bar,CM325354
Deanna,Gray,deanna.gray@foo.bar,CM325801
Julia,Allen,julia.allen@foo.bar,CM326442
Connie,Robinson,connie.robinson@foo.bar,CM329222
Jenna,Morrison,jenna.morrison@foo.bar,CM331372
Elise,Tucker,elise.tucker@foo.bar,CM333310
William,Johnson,william.johnson@foo.bar,CM336327
Valeria,Higgins,valeria.higgins@foo.bar,CM336888
Audrey,Cooper,audrey.cooper@foo.bar,CM337382
Oscar,Montgomery,oscar.montgomery@foo.bar,CM337813
Savana,Baker,savana.baker@foo.bar,CM337822
Rafael,Gray,rafael.gray@foo.bar,CM337955
Alexander,Allen,alexander.allen@foo.bar,CM338535
Annabella,Jones,annabella.jones@foo.bar,CM339369
Martin,Thomas,martin.thomas@foo.bar,CM339393
Haris,Johnson,haris.johnson@foo.bar,CM339929
Sienna,Bailey,sienna.bailey@foo.bar,CM340000
Dominik,Myers,dominik.myers@foo.bar,CM341298
Steven,Elliott,steven.elliott@foo.bar,CM341373
Blake,Foster,blake.foster@foo.bar,CM345810
Vincent,Chapman,vincent.chapman@foo.bar,CM346252
Tara,Baker,tara.baker@foo.bar,CM346740
Michelle,Hawkins,michelle.hawkins@foo.bar,CM346946
Penelope,Spencer,penelope.spencer@foo.bar,CM347755
Gianna,Craig,gianna.craig@foo.bar,CM353542
James,Allen,james.allen@foo.bar,CM353744
Jenna,Dixon,jenna.dixon@foo.bar,CM353780
Frederick,Tucker,frederick.tucker@foo.bar,CM353851
Nicole,Hawkins,nicole.hawkins@foo.bar,CM353978
Cherry,Moore,cherry.moore@foo.bar,CM355020
Charlie,Kelly,charlie.kelly@foo.bar,CM355690
Penelope,Murphy,penelope.murphy@foo.bar,CM355734
Emma,Murphy,emma.murphy@foo.bar,CM355848
Sophia,Cunningham,sophia.cunningham@foo.bar,CM356166
Brianna,Cooper,brianna.cooper@foo.bar,CM357840
Rafael,Reed,rafael.reed@foo.bar,CM357903
Ned,Richards,ned.richards@foo.bar,CM358656
Caroline,Chapman,caroline.chapman@foo.bar,CM358720
Owen,Gibson,owen.gibson@foo.bar,CM359326
Sarah,Warren,sarah.warren@foo.bar,CM360747
Fiona,Smith,fiona.smith@foo.bar,CM361233
Spike,Reed,spike.reed@foo.bar,CM363758
Joyce,Bennett,joyce.bennett@foo.bar,CM364996
Kelsey,Cole,kelsey.cole@foo.bar,CM365611
Chelsea,Baker,chelsea.baker@foo.bar,CM366913
Briony,Carroll,briony.carroll@foo.bar,CM367692
Jenna,Taylor,jenna.taylor@foo.bar,CM368878
Jenna,Robinson,jenna.robinson@foo.bar,CM371250
James,Roberts,james.roberts@foo.bar,CM371478
Daniel,Walker,daniel.walker@foo.bar,CM371717
Savana,Murray,savana.murray@foo.bar,CM372774
Kimberly,Scott,kimberly.scott@foo.bar,CM372938
Savana,Clark,savana.clark@foo.bar,CM373008
Emily,Ryan,emily.ryan@foo.bar,CM373171
Robert,Thomas,robert.thomas@foo.bar,CM373801
Lenny,Fowler,lenny.fowler@foo.bar,CM375225
Catherine,Adams,catherine.adams@foo.bar,CM377759
Roman,Foster,roman.foster@foo.bar,CM377969
Ted,Martin,ted.martin@foo.bar,CM377987
Jessica,Murphy,jessica.murphy@foo.bar,CM378556
Kimberly,Myers,kimberly.myers@foo.bar,CM378672
Michelle,Turner,michelle.turner@foo.bar,CM379846
Alan,Montgomery,alan.montgomery@foo.bar,CM380584
Annabella,Evans,annabella.evans@foo.bar,CM383178
Alina,Williams,alina.williams@foo.bar,CM383184
Jack,Evans,jack.evans@foo.bar,CM385057
Emily,Turner,emily.turner@foo.bar,CM385470
Rebecca,Cooper,rebecca.cooper@foo.bar,CM386885
Alford,Anderson,alford.anderson@foo.bar,CM388163
Ryan,Ryan,ryan.ryan@foo.bar,CM388627
Arthur,Allen,arthur.allen@foo.bar,CM388818
Tess,Adams,tess.adams@foo.bar,CM388828
Sienna,Harris,sienna.harris@foo.bar,CM389035
Harold,Morrison,harold.morrison@foo.bar,CM389727
Florrie,Parker,florrie.parker@foo.bar,CM389924
Frederick,Robinson,frederick.robinson@foo.bar,CM390397
Edgar,Foster,edgar.foster@foo.bar,CM392096
Vivian,Holmes,vivian.holmes@foo.bar,CM392656
Freddie,Ross,freddie.ross@foo.bar,CM393040
Alen,Stevens,alen.stevens@foo.bar,CM393530
Natalie,Ferguson,natalie.ferguson@foo.bar,CM393886
Melissa,Walker,melissa.walker@foo.bar,CM394537
Abigail,Barrett,abigail.barrett@foo.bar,CM394923
Jack,Parker,jack.parker@foo.bar,CM395947
Lucy,Martin,lucy.martin@foo.bar,CM396300
Lucy,Edwards,lucy.edwards@foo.bar,CM396961
Violet,Howard,violet.howard@foo.bar,CM398367
Sophia,Thomas,sophia.thomas@foo.bar,CM399260
Sam,Henderson,sam.henderson@foo.bar,CM399343
Grace,Carroll,grace.carroll@foo.bar,CM399486
Dominik,Barnes,dominik.barnes@foo.bar,CM400545
Ned,Alexander,ned.alexander@foo.bar,CM403010
Jessica,Spencer,jessica.spencer@foo.bar,CM404062
Joyce,Brown,joyce.brown@foo.bar,CM405480
Savana,Hunt,savana.hunt@foo.bar,CM406002
Ashton,Hill,ashton.hill@foo.bar,CM409531
Sofia,Bennett,sofia.bennett@foo.bar,CM412703
Robert,Harper,robert.harper@foo.bar,CM412875
Derek,Warren,derek.warren@foo.bar,CM413988
James,Higgins,james.higgins@foo.bar,CM415230
Eddy,Phillips,eddy.phillips@foo.bar,CM415285
Sam,Watson,sam.watson@foo.bar,CM415755
Walter,Wilson,walter.wilson@foo.bar,CM416161
Connie,Mitchell,connie.mitchell@foo.bar,CM417459
Carina,Harris,carina.harris@foo.bar,CM419317
Edwin,Richards,edwin.richards@foo.bar,CM419796
Cadie,Reed,cadie.reed@foo.bar,CM419801
Amelia,Russell,amelia.russell@foo.bar,CM421479
Tara,Campbell,tara.campbell@foo.bar,CM421823
Derek,Farrell,derek.farrell@foo.bar,CM423180
Adelaide,Kelley,adelaide.kelley@foo.bar,CM424490
Amy,Rogers,amy.rogers@foo.bar,CM424663
James,Kelley,james.kelley@foo.bar,CM425493
Dominik,Martin,dominik.martin@foo.bar,CM425695
Blake,Gibson,blake.gibson@foo.bar,CM425835
Jasmine,Carter,jasmine.carter@foo.bar,CM428730
Walter,Holmes,walter.holmes@foo.bar,CM429475
Florrie,Davis,florrie.davis@foo.bar,CM429826
Garry,Dixon,garry.dixon@foo.bar,CM430268
Eleanor,Murphy,eleanor.murphy@foo.bar,CM431030
Catherine,Martin,catherine.martin@foo.bar,CM432417
Freddie,Ferguson,freddie.ferguson@foo.bar,CM432949
Cherry,Ross,cherry.ross@foo.bar,CM433187
Kirsten,Mitchell,kirsten.mitchell@foo.bar,CM433349
James,Cunningham,james.cunningham@foo.bar,CM433413
Heather,West,heather.west@foo.bar,CM434037
Aiden,Douglas,aiden.douglas@foo.bar,CM434146
Tony,Sullivan,tony.sullivan@foo.bar,CM434178
Elise,Farrell,elise.farrell@foo.bar,CM434621
Annabella,Walker,annabella.walker@foo.bar,CM435681
Freddie,Hamilton,freddie.hamilton@foo.bar,CM436222
Lana,Tucker,lana.tucker@foo.bar,CM437309
Arianna,Lloyd,arianna.lloyd@foo.bar,CM438124
Tyler,Mitchell,tyler.mitchell@foo.bar,CM438675
Carina,Taylor,carina.taylor@foo.bar,CM439105
Heather,Bailey,heather.bailey@foo.bar,CM440860
Stella,Kelly,stella.kelly@foo.bar,CM441239
Vanessa,Wells,vanessa.wells@foo.bar,CM441295
Catherine,Payne,catherine.payne@foo.bar,CM441576
Jenna,Watson,jenna.watson@foo.bar,CM443151
Darcy,Reed,darcy.reed@foo.bar,CM443404
Anna,West,anna.west@foo.bar,CM445928
Agata,Carter,agata.carter@foo.bar,CM447069
Max,Watson,max.watson@foo.bar,CM447717
Honey,Edwards,honey.edwards@foo.bar,CM448367
Amy,Robinson,amy.robinson@foo.bar,CM449232
Oscar,Bailey,oscar.bailey@foo.bar,CM451491
Jared,Stewart,jared.stewart@foo.bar,CM452541
Tara,Douglas,tara.douglas@foo.bar,CM453217
Myra,Adams,myra.adams@foo.bar,CM454493
Michael,Morgan,michael.morgan@foo.bar,CM454713
Marcus,Fowler,marcus.fowler@foo.bar,CM454715
Vincent,Payne,vincent.payne@foo.bar,CM455621
Sydney,Thompson,sydney.thompson@foo.bar,CM458920
Dale,Ross,dale.ross@foo.bar,CM460928
Camila,Dixon,camila.dixon@foo.bar,CM461810
Stella,Thompson,stella.thompson@foo.bar,CM465026
Ned,Cameron,ned.cameron@foo.bar,CM465077
Kate,Bennett,kate.bennett@foo.bar,CM466127
Nicholas,Crawford,nicholas.crawford@foo.bar,CM467430
Camila,Cole,camila.cole@foo.bar,CM470892
Alexander,Crawford,alexander.crawford@foo.bar,CM471395
Annabella,Hamilton,annabella.hamilton@foo.bar,CM471522
Maria,Brown,maria.brown@foo.bar,CM471712
Audrey,Barrett,audrey.barrett@foo.bar,CM474230
Rosie,Cunningham,rosie.cunningham@foo.bar,CM474539
Darcy,Warren,darcy.warren@foo.bar,CM475850
Michelle,Wright,michelle.wright@foo.bar,CM477016
Maria,Murphy,maria.murphy@foo.bar,CM478400
Agata,Robinson,agata.robinson@foo.bar,CM479054
Daryl,Bailey,daryl.bailey@foo.bar,CM479156
Chester,Martin,chester.martin@foo.bar,CM481791
Paul,Foster,paul.foster@foo.bar,CM485111
Carina,Cunningham,carina.cunningham@foo.bar,CM486255
Aida,Johnston,aida.johnston@foo.bar,CM486719
Steven,Walker,steven.walker@foo.bar,CM486857
Sienna,Andrews,sienna.andrews@foo.bar,CM487022
Steven,Harper,steven.harper@foo.bar,CM487025
Alexander,Foster,alexander.foster@foo.bar,CM488624
Amelia,Grant,amelia.grant@foo.bar,CM489551
Alfred,Gray,alfred.gray@foo.bar,CM489709
Sawyer,Hill,sawyer.hill@foo.bar,CM489807
Agata,Watson,agata.watson@foo.bar,CM490228
Olivia,Alexander,olivia.alexander@foo.bar,CM491291
Emily,Murray,emily.murray@foo.bar,CM491831
Chester,Davis,chester.davis@foo.bar,CM493450
Julian,Robinson,julian.robinson@foo.bar,CM493460
Lilianna,Parker,lilianna.parker@foo.bar,CM493540
Miranda,Spencer,miranda.spencer@foo.bar,CM494094
Chelsea,Fowler,chelsea.fowler@foo.bar,CM495238
Rosie,Baker,rosie.baker@foo.bar,CM497023
Spike,Watson,spike.watson@foo.bar,CM498080
Tony,Adams,tony.adams@foo.bar,CM499347
James,Ryan,james.ryan@foo.bar,CM500890
Mike,Montgomery,mike.montgomery@foo.bar,CM501475
Sienna,Carroll,sienna.carroll@foo.bar,CM501481
Amelia,Carroll,amelia.carroll@foo.bar,CM501599
Evelyn,Dixon,evelyn.dixon@foo.bar,CM501617
Ned,Brooks,ned.brooks@foo.bar,CM502019
Charlie,Grant,charlie.grant@foo.bar,CM503357
Patrick,Ryan,patrick.ryan@foo.bar,CM504532
Owen,Edwards,owen.edwards@foo.bar,CM505590
Albert,Barnes,albert.barnes@foo.bar,CM507070
Dominik,Adams,dominik.adams@foo.bar,CM507170
Amanda,Jones,amanda.jones@foo.bar,CM507550
Dexter,Chapman,dexter.chapman@foo.bar,CM508083
Roland,Fowler,roland.fowler@foo.bar,CM508349
Florrie,Clark,florrie.clark@foo.bar,CM508679
Chester,Johnston,chester.johnston@foo.bar,CM509477
Jack,Myers,jack.myers@foo.bar,CM509565
Penelope,Campbell,penelope.campbell@foo.bar,CM509765
Robert,Campbell,robert.campbell@foo.bar,CM510312
Anna,Higgins,anna.higgins@foo.bar,CM510823
Martin,Payne,martin.payne@foo.bar,CM511228
Eleanor,Anderson,eleanor.anderson@foo.bar,CM512042
Adison,Kelley,adison.kelley@foo.bar,CM513811
Henry,Cunningham,henry.cunningham@foo.bar,CM514254
Eddy,Grant,eddy.grant@foo.bar,CM514885
Ada,Adams,ada.adams@foo.bar,CM515108
Myra,Henderson,myra.henderson@foo.bar,CM515438
Patrick,Hall,patrick.hall@foo.bar,CM515634
Brianna,Brooks,brianna.brooks@foo.bar,CM517777
Catherine,Perkins,catherine.perkins@foo.bar,CM518446
Cherry,Martin,cherry.martin@foo.bar,CM519096
Justin,Roberts,justin.roberts@foo.bar,CM519727
Kelvin,Farrell,kelvin.farrell@foo.bar,CM520780
Garry,Kelly,garry.kelly@foo.bar,CM522074
Emma,Davis,emma.davis@foo.bar,CM522760
Patrick,Thomas,patrick.thomas@foo.bar,CM522823
Tess,Baker,tess.baker@foo.bar,CM523030
Wilson,Rogers,wilson.rogers@foo.bar,CM525115
Sofia,Parker,sofia.parker@foo.bar,CM526028
April,Barnes,april.barnes@foo.bar,CM526073
Rubie,Scott,rubie.scott@foo.bar,CM526250
Lyndon,Ferguson,lyndon.ferguson@foo.bar,CM527431
Miller,Barrett,miller.barrett@foo.bar,CM527463
Jack,Casey,jack.casey@foo.bar,CM527481
Ryan,Turner,ryan.turner@foo.bar,CM528200
Violet,Stevens,violet.stevens@foo.bar,CM529608
Ada,Bailey,ada.bailey@foo.bar,CM529964
Ryan,Moore,ryan.moore@foo.bar,CM530691
Isabella,Sullivan,isabella.sullivan@foo.bar,CM532797
Evelyn,Warren,evelyn.warren@foo.bar,CM533992
Blake,Clark,blake.clark@foo.bar,CM534396
Florrie,Hawkins,florrie.hawkins@foo.bar,CM536724
Frederick,Wright,frederick.wright@foo.bar,CM536980
Frederick,Miller,frederick.miller@foo.bar,CM537090
Alford,Farrell,alford.farrell@foo.bar,CM537519
Kelsey,Warren,kelsey.warren@foo.bar,CM540405
Roman,Armstrong,roman.armstrong@foo.bar,CM541558
Kellan,Johnson,kellan.johnson@foo.bar,CM543113
Frederick,Murray,frederick.murray@foo.bar,CM544026
Chester,Foster,chester.foster@foo.bar,CM546310
Lucas,Smith,lucas.smith@foo.bar,CM546563
Jessica,Howard,jessica.howard@foo.bar,CM547067
Sydney,Gray,sydney.gray@foo.bar,CM547295
Ned,Douglas,ned.douglas@foo.bar,CM547337
Alen,Evans,alen.evans@foo.bar,CM547520
Adison,Cunningham,adison.cunningham@foo.bar,CM547740
Ryan,Lloyd,ryan.lloyd@foo.bar,CM549313
Charlie,Martin,charlie.martin@foo.bar,CM550382
Emma,Morgan,emma.morgan@foo.bar,CM551040
Emily,Ellis,emily.ellis@foo.bar,CM551648
Fiona,Barrett,fiona.barrett@foo.bar,CM552602
Sawyer,Moore,sawyer.moore@foo.bar,CM553285
Carlos,Murphy,carlos.murphy@foo.bar,CM553659
Rafael,Henderson,rafael.henderson@foo.bar,CM553700
Roman,Smith,roman.smith@foo.bar,CM554841
Briony,Bailey,briony.bailey@foo.bar,CM556969
Catherine,Phillips,catherine.phillips@foo.bar,CM557561
Henry,Warren,henry.warren@foo.bar,CM557654
Rubie,Watson,rubie.watson@foo.bar,CM557977
Melanie,Hill,melanie.hill@foo.bar,CM559027
Ashton,Miller,ashton.miller@foo.bar,CM559589
Ellia,Walker,ellia.walker@foo.bar,CM560356
Patrick,Phillips,patrick.phillips@foo.bar,CM561181
Wilson,Elliott,wilson.elliott@foo.bar,CM561286
Melissa,Hamilton,melissa.hamilton@foo.bar,CM561910
Edith,Smith,edith.smith@foo.bar,CM562033
Kate,Johnson,kate.johnson@foo.bar,CM562979
Rosie,Wilson,rosie.wilson@foo.bar,CM563397
Eddy,Miller,eddy.miller@foo.bar,CM564044
Tony,Anderson,tony.anderson@foo.bar,CM565500
Joyce,Harris,joyce.harris@foo.bar,CM565863
David,Davis,david.davis@foo.bar,CM566596
Alexia,Gray,alexia.gray@foo.bar,CM566925
Ada,Hill,ada.hill@foo.bar,CM567316
Vivian,Stewart,vivian.stewart@foo.bar,CM568022
Abigail,Richards,abigail.richards@foo.bar,CM568559
Natalie,Cooper,natalie.cooper@foo.bar,CM568623
Marcus,Andrews,marcus.andrews@foo.bar,CM568860
Steven,Foster,steven.foster@foo.bar,CM568983
Lily,Rogers,lily.rogers@foo.bar,CM569205
Kelvin,Montgomery,kelvin.montgomery@foo.bar,CM569773
Justin,Harper,justin.harper@foo.bar,CM569964
Nicholas,Nelson,nicholas.nelson@foo.bar,CM570203
Carina,Clark,carina.clark@foo.bar,CM570428
Patrick,Barnes,patrick.barnes@foo.bar,CM570870
Cherry,Walker,cherry.walker@foo.bar,CM570947
Albert,Barrett,albert.barrett@foo.bar,CM571381
Melanie,Harper,melanie.harper@foo.bar,CM571891
Ted,Dixon,ted.dixon@foo.bar,CM573354
Lydia,Mitchell,lydia.mitchell@foo.bar,CM573748
Kirsten,Armstrong,kirsten.armstrong@foo.bar,CM573823
Eddy,Foster,eddy.foster@foo.bar,CM574133
Abigail,Perry,abigail.perry@foo.bar,CM574479
Frederick,Adams,frederick.adams@foo.bar,CM574970
Paul,Carter,paul.carter@foo.bar,CM575182
Steven,Tucker,steven.tucker@foo.bar,CM576551
Stella,Russell,stella.russell@foo.bar,CM577394
Madaline,Wells,madaline.wells@foo.bar,CM577705
Kellan,Cooper,kellan.cooper@foo.bar,CM579426
Henry,Cooper,henry.cooper@foo.bar,CM580183
Kelsey,Spencer,kelsey.spencer@foo.bar,CM581235
Jared,Edwards,jared.edwards@foo.bar,CM582033
Brad,Smith,brad.smith@foo.bar,CM583469
Sydney,Johnson,sydney.johnson@foo.bar,CM584704
Lyndon,Crawford,lyndon.crawford@foo.bar,CM585496
Ted,Howard,ted.howard@foo.bar,CM585802
Mary,Myers,mary.myers@foo.bar,CM586551
Ryan,Kelly,ryan.kelly@foo.bar,CM587850
Brad,Douglas,brad.douglas@foo.bar,CM587929
Carl,Rogers,carl.rogers@foo.bar,CM588618
Martin,Allen,martin.allen@foo.bar,CM589379
Robert,Gibson,robert.gibson@foo.bar,CM590646
Thomas,Chapman,thomas.chapman@foo.bar,CM590838
Roman,Martin,roman.martin@foo.bar,CM591388
Isabella,Gray,isabella.gray@foo.bar,CM591960
Kevin,Andrews,kevin.andrews@foo.bar,CM591990
Rubie,Mitchell,rubie.mitchell@foo.bar,CM593202
Carl,Cooper,carl.cooper@foo.bar,CM593620
Carina,Carroll,carina.carroll@foo.bar,CM593659
Michelle,Chapman,michelle.chapman@foo.bar,CM593728
Justin,Turner,justin.turner@foo.bar,CM594031
Adrian,Fowler,adrian.fowler@foo.bar,CM594714
William,Andrews,william.andrews@foo.bar,CM595264
Michelle,Douglas,michelle.douglas@foo.bar,CM596557
Stella,Miller,stella.miller@foo.bar,CM597404
Oscar,Fowler,oscar.fowler@foo.bar,CM597477
Edwin,Hunt,edwin.hunt@foo.bar,CM598317
Vanessa,Morrison,vanessa.morrison@foo.bar,CM599331
Robert,Jones,robert.jones@foo.bar,CM599784
Robert,Spencer,robert.spencer@foo.bar,CM600583
Harold,Turner,harold.turner@foo.bar,CM601701
Victoria,Morrison,victoria.morrison@foo.bar,CM603257
Max,Martin,max.martin@foo.bar,CM603843
Miranda,Johnson,miranda.johnson@foo.bar,CM604140
William,Thomas,william.thomas@foo.bar,CM604552
Byron,Ferguson,byron.ferguson@foo.bar,CM604600
Daryl,Armstrong,daryl.armstrong@foo.bar,CM604861
William,Richards,william.richards@foo.bar,CM605345
Heather,Nelson,heather.nelson@foo.bar,CM606130
Dominik,Higgins,dominik.higgins@foo.bar,CM606200
Lana,Ross,lana.ross@foo.bar,CM607682
Catherine,Mitchell,catherine.mitchell@foo.bar,CM607864
James,Craig,james.craig@foo.bar,CM607968
Kelvin,Edwards,kelvin.edwards@foo.bar,CM609259
Sienna,Reed,sienna.reed@foo.bar,CM610091
Kellan,Crawford,kellan.crawford@foo.bar,CM610180
Myra,Turner,myra.turner@foo.bar,CM611311
Charlie,Harrison,charlie.harrison@foo.bar,CM611544
Camila,Wright,camila.wright@foo.bar,CM612584
Steven,Wilson,steven.wilson@foo.bar,CM614070
Clark,Johnston,clark.johnston@foo.bar,CM614855
Blake,Perkins,blake.perkins@foo.bar,CM615447
Alexia,Cooper,alexia.cooper@foo.bar,CM615886
Robert,Foster,robert.foster@foo.bar,CM616115
Adrianna,Robinson,adrianna.robinson@foo.bar,CM616205
Kate,Douglas,kate.douglas@foo.bar,CM616382
Justin,Murphy,justin.murphy@foo.bar,CM617237
Byron,Williams,byron.williams@foo.bar,CM617846
Kirsten,Moore,kirsten.moore@foo.bar,CM618541
Stella,Lloyd,stella.lloyd@foo.bar,CM619310
Freddie,Carter,freddie.carter@foo.bar,CM619441
Valeria,Gray,valeria.gray@foo.bar,CM619668
Spike,Ellis,spike.ellis@foo.bar,CM620273
Clark,Ellis,clark.ellis@foo.bar,CM625550
Abraham,Chapman,abraham.chapman@foo.bar,CM626538
Amber,Elliott,amber.elliott@foo.bar,CM626569
Lenny,Jones,lenny.jones@foo.bar,CM626710
Richard,Richards,richard.richards@foo.bar,CM627205
Sam,Wright,sam.wright@foo.bar,CM627700
Nicholas,Stewart,nicholas.stewart@foo.bar,CM628771
Fenton,Wells,fenton.wells@foo.bar,CM628810
David,Hamilton,david.hamilton@foo.bar,CM629066
Kimberly,Grant,kimberly.grant@foo.bar,CM630041
Roland,Perkins,roland.perkins@foo.bar,CM630220
Thomas,Stevens,thomas.stevens@foo.bar,CM630345
Miller,Evans,miller.evans@foo.bar,CM632405
Maya,Farrell,maya.farrell@foo.bar,CM633310
Samantha,Holmes,samantha.holmes@foo.bar,CM634727
Darcy,Walker,darcy.walker@foo.bar,CM635334
Arthur,Grant,arthur.grant@foo.bar,CM635622
Belinda,Ryan,belinda.ryan@foo.bar,CM636282
Brianna,Jones,brianna.jones@foo.bar,CM636387
Adrian,Phillips,adrian.phillips@foo.bar,CM637610
Amy,Ellis,amy.ellis@foo.bar,CM639079
Arthur,Hamilton,arthur.hamilton@foo.bar,CM639115
Roland,Rogers,roland.rogers@foo.bar,CM639720
Melissa,Ferguson,melissa.ferguson@foo.bar,CM640191
Rosie,Armstrong,rosie.armstrong@foo.bar,CM640889
Jack,Fowler,jack.fowler@foo.bar,CM641897
Kirsten,Henderson,kirsten.henderson@foo.bar,CM642684
Jared,Douglas,jared.douglas@foo.bar,CM644419
Antony,Elliott,antony.elliott@foo.bar,CM645822
Heather,Douglas,heather.douglas@foo.bar,CM646753
Julian,Richardson,julian.richardson@foo.bar,CM646990
Grace,Stevens,grace.stevens@foo.bar,CM648120
Lana,Warren,lana.warren@foo.bar,CM648280
Andrew,Howard,andrew.howard@foo.bar,CM648490
Carl,Richardson,carl.richardson@foo.bar,CM649542
Penelope,Kelly,penelope.kelly@foo.bar,CM650501
Adele,Howard,adele.howard@foo.bar,CM652250
Bruce,Brooks,bruce.brooks@foo.bar,CM652598
Audrey,Walker,audrey.walker@foo.bar,CM653129
Garry,Murray,garry.murray@foo.bar,CM654152
James,Gray,james.gray@foo.bar,CM654218
Alissa,West,alissa.west@foo.bar,CM654397
Martin,Johnston,martin.johnston@foo.bar,CM654429
Ryan,Holmes,ryan.holmes@foo.bar,CM654466
Marcus,Brooks,marcus.brooks@foo.bar,CM654895
Bruce,Armstrong,bruce.armstrong@foo.bar,CM655000
Ryan,Cole,ryan.cole@foo.bar,CM655093
Annabella,Adams,annabella.adams@foo.bar,CM655332
Myra,Ross,myra.ross@foo.bar,CM655702
Isabella,Warren,isabella.warren@foo.bar,CM657124
Preston,Crawford,preston.crawford@foo.bar,CM657186
Andrew,Hunt,andrew.hunt@foo.bar,CM658555
Jordan,Mitchell,jordan.mitchell@foo.bar,CM659193
Tony,Clark,tony.clark@foo.bar,CM659861
Adele,Davis,adele.davis@foo.bar,CM661403
John,Craig,john.craig@foo.bar,CM661700
Derek,Sullivan,derek.sullivan@foo.bar,CM661774
Byron,Murray,byron.murray@foo.bar,CM663124
Paul,Hill,paul.hill@foo.bar,CM663853
Kate,Stevens,kate.stevens@foo.bar,CM664295
Arthur,Jones,arthur.jones@foo.bar,CM665647
James,Watson,james.watson@foo.bar,CM669650
Kevin,Johnston,kevin.johnston@foo.bar,CM670211
Alexander,Spencer,alexander.spencer@foo.bar,CM670537
Lenny,Brown,lenny.brown@foo.bar,CM670618
Anna,Thomas,anna.thomas@foo.bar,CM670619
Sienna,Barnes,sienna.barnes@foo.bar,CM671300
Briony,Morrison,briony.morrison@foo.bar,CM673010
Mary,Armstrong,mary.armstrong@foo.bar,CM673279
Thomas,Wright,thomas.wright@foo.bar,CM673744
Nicole,Armstrong,nicole.armstrong@foo.bar,CM674115
Anna,Casey,anna.casey@foo.bar,CM674239
William,Morrison,william.morrison@foo.bar,CM674696
Naomi,Stewart,naomi.stewart@foo.bar,CM675528
Brianna,Barrett,brianna.barrett@foo.bar,CM675625
Carlos,Taylor,carlos.taylor@foo.bar,CM675865
Audrey,Carter,audrey.carter@foo.bar,CM676199
Alisa,Higgins,alisa.higgins@foo.bar,CM676300
Alisa,Barnes,alisa.barnes@foo.bar,CM677758
Haris,Bennett,haris.bennett@foo.bar,CM677918
Lucy,Bailey,lucy.bailey@foo.bar,CM678140
Lucia,Baker,lucia.baker@foo.bar,CM680195
Caroline,Andrews,caroline.andrews@foo.bar,CM680444
Antony,Gray,antony.gray@foo.bar,CM681240
Alen,Harrison,alen.harrison@foo.bar,CM684060
Michelle,Montgomery,michelle.montgomery@foo.bar,CM684305
Richard,Wright,richard.wright@foo.bar,CM686130
Fiona,Allen,fiona.allen@foo.bar,CM686470
Vivian,Andrews,vivian.andrews@foo.bar,CM686591
Dainton,Watson,dainton.watson@foo.bar,CM686770
Chester,Hall,chester.hall@foo.bar,CM686895
Maximilian,Edwards,maximilian.edwards@foo.bar,CM689005
Lucas,Craig,lucas.craig@foo.bar,CM689361
Violet,Sullivan,violet.sullivan@foo.bar,CM690767
Briony,Tucker,briony.tucker@foo.bar,CM692203
Agata,Howard,agata.howard@foo.bar,CM692650
Agata,Russell,agata.russell@foo.bar,CM693624
Audrey,Thompson,audrey.thompson@foo.bar,CM695000
Adele,Payne,adele.payne@foo.bar,CM696871
Aldus,Barrett,aldus.barrett@foo.bar,CM698983
Alexander,Evans,alexander.evans@foo.bar,CM699383
Haris,Ross,haris.ross@foo.bar,CM699729
Penelope,Wells,penelope.wells@foo.bar,CM699847
Miley,Johnston,miley.johnston@foo.bar,CM700475
Hailey,Johnston,hailey.johnston@foo.bar,CM700757
Ryan,Phillips,ryan.phillips@foo.bar,CM700889
Violet,Harris,violet.harris@foo.bar,CM700938
Lilianna,Dixon,lilianna.dixon@foo.bar,CM701359
Emma,Morris,emma.morris@foo.bar,CM702079
Carina,Hamilton,carina.hamilton@foo.bar,CM702613
Darcy,Grant,darcy.grant@foo.bar,CM703260
Tony,Warren,tony.warren@foo.bar,CM704872
Darcy,Dixon,darcy.dixon@foo.bar,CM705109
Adelaide,Lloyd,adelaide.lloyd@foo.bar,CM705500
Jacob,Hall,jacob.hall@foo.bar,CM707225
Madaline,Kelly,madaline.kelly@foo.bar,CM708098
Harold,Carroll,harold.carroll@foo.bar,CM708664
Daniel,Holmes,daniel.holmes@foo.bar,CM709570
Maddie,Thomas,maddie.thomas@foo.bar,CM710400
Melissa,Fowler,melissa.fowler@foo.bar,CM710869
Sophia,Warren,sophia.warren@foo.bar,CM711712
Edwin,Murphy,edwin.murphy@foo.bar,CM711899
Steven,Morgan,steven.morgan@foo.bar,CM713152
Brooke,Evans,brooke.evans@foo.bar,CM714915
Justin,Sullivan,justin.sullivan@foo.bar,CM715133
Sydney,Perry,sydney.perry@foo.bar,CM716000
Lana,Armstrong,lana.armstrong@foo.bar,CM716348
Lucas,Spencer,lucas.spencer@foo.bar,CM717327
Miley,Wright,miley.wright@foo.bar,CM717457
Aida,Robinson,aida.robinson@foo.bar,CM717502
Thomas,Craig,thomas.craig@foo.bar,CM718320
Steven,Armstrong,steven.armstrong@foo.bar,CM718403
Amelia,Morris,amelia.morris@foo.bar,CM718422
Alen,Williams,alen.williams@foo.bar,CM719615
Reid,Smith,reid.smith@foo.bar,CM721338
Spike,Morgan,spike.morgan@foo.bar,CM722007
Eric,Brooks,eric.brooks@foo.bar,CM723875
Tyler,Stevens,tyler.stevens@foo.bar,CM724214
Mary,Owens,mary.owens@foo.bar,CM724746
Harold,Mitchell,harold.mitchell@foo.bar,CM725226
Melanie,Morrison,melanie.morrison@foo.bar,CM726785
Aston,Hall,aston.hall@foo.bar,CM727066
Julia,Mason,julia.mason@foo.bar,CM727543
Sam,Cole,sam.cole@foo.bar,CM727733
Freddie,Reed,freddie.reed@foo.bar,CM727813
Sienna,Clark,sienna.clark@foo.bar,CM728398
Sydney,Johnston,sydney.johnston@foo.bar,CM728485
Sarah,Clark,sarah.clark@foo.bar,CM728797
Eric,Campbell,eric.campbell@foo.bar,CM728953
Adrianna,Gray,adrianna.gray@foo.bar,CM730000
Nicholas,Harper,nicholas.harper@foo.bar,CM730417
Darcy,Harris,darcy.harris@foo.bar,CM730560
Antony,Davis,antony.davis@foo.bar,CM731222
Ashton,Carter,ashton.carter@foo.bar,CM731909
Walter,Stevens,walter.stevens@foo.bar,CM732253
Adele,Johnson,adele.johnson@foo.bar,CM732481
Anna,Fowler,anna.fowler@foo.bar,CM733379
Lana,Rogers,lana.rogers@foo.bar,CM734312
Evelyn,Brown,evelyn.brown@foo.bar,CM735104
Brianna,Murphy,brianna.murphy@foo.bar,CM735364
Reid,Farrell,reid.farrell@foo.bar,CM735383
Alexia,Nelson,alexia.nelson@foo.bar,CM735735
Tony,Chapman,tony.chapman@foo.bar,CM735768
Arnold,Howard,arnold.howard@foo.bar,CM736873
Alfred,Hall,alfred.hall@foo.bar,CM736878
Vincent,Taylor,vincent.taylor@foo.bar,CM739890
George,Harris,george.harris@foo.bar,CM744024
Oliver,Casey,oliver.casey@foo.bar,CM747230
Audrey,Robinson,audrey.robinson@foo.bar,CM748224
Briony,Ross,briony.ross@foo.bar,CM749801
Aiden,Montgomery,aiden.montgomery@foo.bar,CM751119
Caroline,Phillips,caroline.phillips@foo.bar,CM751394
Marcus,Edwards,marcus.edwards@foo.bar,CM751959
Florrie,Evans,florrie.evans@foo.bar,CM752578
Emma,Harper,emma.harper@foo.bar,CM753147
Ashton,Sullivan,ashton.sullivan@foo.bar,CM754452
Savana,Roberts,savana.roberts@foo.bar,CM756286
Agata,Dixon,agata.dixon@foo.bar,CM757473
Natalie,Farrell,natalie.farrell@foo.bar,CM758200
Max,Dixon,max.dixon@foo.bar,CM758367
Emma,Scott,emma.scott@foo.bar,CM761064
Walter,Spencer,walter.spencer@foo.bar,CM766089
Martin,Cole,martin.cole@foo.bar,CM767040
Amelia,Holmes,amelia.holmes@foo.bar,CM768182
Vivian,Cunningham,vivian.cunningham@foo.bar,CM768223
Caroline,Cunningham,caroline.cunningham@foo.bar,CM768369
Kelvin,Carter,kelvin.carter@foo.bar,CM768505
Daryl,Wright,daryl.wright@foo.bar,CM768749
Freddie,Morris,freddie.morris@foo.bar,CM768831
John,Edwards,john.edwards@foo.bar,CM768870
Tony,Morris,tony.morris@foo.bar,CM771154
Jared,Andrews,jared.andrews@foo.bar,CM772912
Mary,Adams,mary.adams@foo.bar,CM772957
Stella,Roberts,stella.roberts@foo.bar,CM776692
Dominik,Richardson,dominik.richardson@foo.bar,CM777125
Albert,Roberts,albert.roberts@foo.bar,CM777132
Fiona,Lloyd,fiona.lloyd@foo.bar,CM777965
Victor,Johnston,victor.johnston@foo.bar,CM778669
Rafael,Cunningham,rafael.cunningham@foo.bar,CM779086
Ryan,Williams,ryan.williams@foo.bar,CM779311
Haris,Hunt,haris.hunt@foo.bar,CM781145
Spike,Anderson,spike.anderson@foo.bar,CM781250
Maria,Campbell,maria.campbell@foo.bar,CM782498
Bruce,Reed,bruce.reed@foo.bar,CM784561
Chloe,Grant,chloe.grant@foo.bar,CM785452
Clark,Anderson,clark.anderson@foo.bar,CM786903
Violet,Richards,violet.richards@foo.bar,CM786944
Aiden,Howard,aiden.howard@foo.bar,CM787975
Sophia,Evans,sophia.evans@foo.bar,CM789552
Patrick,Hill,patrick.hill@foo.bar,CM791471
Edith,Dixon,edith.dixon@foo.bar,CM791518
Jared,Walker,jared.walker@foo.bar,CM795465
Catherine,Elliott,catherine.elliott@foo.bar,CM795593
Edwin,Miller,edwin.miller@foo.bar,CM796055
Aida,Thomas,aida.thomas@foo.bar,CM796080
Kelsey,Clark,kelsey.clark@foo.bar,CM796134
Victor,Edwards,victor.edwards@foo.bar,CM802313
Roland,Foster,roland.foster@foo.bar,CM804770
Aida,Barrett,aida.barrett@foo.bar,CM806346
Daryl,Richards,daryl.richards@foo.bar,CM806922
Stella,Montgomery,stella.montgomery@foo.bar,CM807427
Vincent,Anderson,vincent.anderson@foo.bar,CM807446
Jordan,Myers,jordan.myers@foo.bar,CM807765
Annabella,Roberts,annabella.roberts@foo.bar,CM809482
Sarah,Jones,sarah.jones@foo.bar,CM810075
Chester,Wells,chester.wells@foo.bar,CM810175
Melanie,Robinson,melanie.robinson@foo.bar,CM811045
Honey,Anderson,honey.anderson@foo.bar,CM812796
Lana,Kelley,lana.kelley@foo.bar,CM813506
Victor,West,victor.west@foo.bar,CM813851
Grace,Smith,grace.smith@foo.bar,CM814740
Sabrina,Holmes,sabrina.holmes@foo.bar,CM817402
Camila,Fowler,camila.fowler@foo.bar,CM818250
Mary,Montgomery,mary.montgomery@foo.bar,CM818741
Florrie,Harris,florrie.harris@foo.bar,CM818880
Olivia,Morris,olivia.morris@foo.bar,CM819270
Julia,Williams,julia.williams@foo.bar,CM820988
Camila,Thomas,camila.thomas@foo.bar,CM821600
Sofia,Fowler,sofia.fowler@foo.bar,CM824467
Lilianna,Taylor,lilianna.taylor@foo.bar,CM824851
Spike,Wells,spike.wells@foo.bar,CM825655
William,Armstrong,william.armstrong@foo.bar,CM825930
Caroline,Robinson,caroline.robinson@foo.bar,CM826657
Kate,Phillips,kate.phillips@foo.bar,CM827220
Samantha,Brooks,samantha.brooks@foo.bar,CM829210
Cherry,Parker,cherry.parker@foo.bar,CM830119
Derek,Barnes,derek.barnes@foo.bar,CM830536
Kirsten,Edwards,kirsten.edwards@foo.bar,CM832056
Kirsten,Russell,kirsten.russell@foo.bar,CM832131
Miller,Montgomery,miller.montgomery@foo.bar,CM832644
Miranda,Carter,miranda.carter@foo.bar,CM833168
Ned,Cunningham,ned.cunningham@foo.bar,CM833726
Kirsten,Martin,kirsten.martin@foo.bar,CM834290
Emma,Martin,emma.martin@foo.bar,CM834317
Sydney,Thomas,sydney.thomas@foo.bar,CM834709
Adison,Grant,adison.grant@foo.bar,CM835650
Dale,Murray,dale.murray@foo.bar,CM836027
Victor,Baker,victor.baker@foo.bar,CM836652
Savana,Higgins,savana.higgins@foo.bar,CM838067
Vivian,Walker,vivian.walker@foo.bar,CM838389
Caroline,Wright,caroline.wright@foo.bar,CM840110
Adrianna,Baker,adrianna.baker@foo.bar,CM840588
Maya,Holmes,maya.holmes@foo.bar,CM840766
Dominik,Perkins,dominik.perkins@foo.bar,CM841358
Frederick,Brooks,frederick.brooks@foo.bar,CM842508
Abraham,Ryan,abraham.ryan@foo.bar,CM843161
Isabella,Stevens,isabella.stevens@foo.bar,CM843922
Agata,Turner,agata.turner@foo.bar,CM844059
Brianna,Bailey,brianna.bailey@foo.bar,CM848317
Adison,Gibson,adison.gibson@foo.bar,CM848686
Stuart,Kelley,stuart.kelley@foo.bar,CM848717
Dainton,Crawford,dainton.crawford@foo.bar,CM848895
Fenton,Richards,fenton.richards@foo.bar,CM848926
Sydney,Watson,sydney.watson@foo.bar,CM849099
Carina,Thompson,carina.thompson@foo.bar,CM849699
Chloe,Sullivan,chloe.sullivan@foo.bar,CM849798
Edward,Brooks,edward.brooks@foo.bar,CM851739
Haris,Harrison,haris.harrison@foo.bar,CM852075
Kevin,Watson,kevin.watson@foo.bar,CM853230
Savana,Reed,savana.reed@foo.bar,CM853266
Henry,Morgan,henry.morgan@foo.bar,CM853385
Connie,Hamilton,connie.hamilton@foo.bar,CM853756
Adam,Morgan,adam.morgan@foo.bar,CM854463
Florrie,Chapman,florrie.chapman@foo.bar,CM854570
Myra,Ferguson,myra.ferguson@foo.bar,CM857906
Max,Barrett,max.barrett@foo.bar,CM858376
Preston,Cameron,preston.cameron@foo.bar,CM858871
Lucy,Campbell,lucy.campbell@foo.bar,CM858972
Alen,Robinson,alen.robinson@foo.bar,CM859875
Alexander,Sullivan,alexander.sullivan@foo.bar,CM861742
Martin,Cunningham,martin.cunningham@foo.bar,CM862104
Savana,Morris,savana.morris@foo.bar,CM862479
Ted,Higgins,ted.higgins@foo.bar,CM863080
Carlos,Roberts,carlos.roberts@foo.bar,CM863326
Dexter,Casey,dexter.casey@foo.bar,CM863375
Daniel,Lloyd,daniel.lloyd@foo.bar,CM864025
Derek,Elliott,derek.elliott@foo.bar,CM864372
Fiona,Sullivan,fiona.sullivan@foo.bar,CM864405
Deanna,Howard,deanna.howard@foo.bar,CM864691
Chloe,Douglas,chloe.douglas@foo.bar,CM864750
Chelsea,Payne,chelsea.payne@foo.bar,CM864974
Elian,Douglas,elian.douglas@foo.bar,CM866552
Antony,Parker,antony.parker@foo.bar,CM868510
Tess,Harrison,tess.harrison@foo.bar,CM870593
Mike,Kelley,mike.kelley@foo.bar,CM871470
Thomas,Hill,thomas.hill@foo.bar,CM871690
Fiona,Foster,fiona.foster@foo.bar,CM873776
Carina,Johnson,carina.johnson@foo.bar,CM875655
Alfred,Roberts,alfred.roberts@foo.bar,CM875861
Rubie,Higgins,rubie.higgins@foo.bar,CM876978
Sawyer,Spencer,sawyer.spencer@foo.bar,CM879161
Rafael,Dixon,rafael.dixon@foo.bar,CM879396
Valeria,Reed,valeria.reed@foo.bar,CM883411
Ada,Casey,ada.casey@foo.bar,CM884579
Adrianna,Warren,adrianna.warren@foo.bar,CM885344
Nicole,Scott,nicole.scott@foo.bar,CM888506
Ryan,Fowler,ryan.fowler@foo.bar,CM888876
Robert,Chapman,robert.chapman@foo.bar,CM888951
Ned,Kelley,ned.kelley@foo.bar,CM889998
Daryl,Elliott,daryl.elliott@foo.bar,CM890610
Olivia,Robinson,olivia.robinson@foo.bar,CM891335
Annabella,Reed,annabella.reed@foo.bar,CM891501
Clark,Stewart,clark.stewart@foo.bar,CM891742
Ada,Davis,ada.davis@foo.bar,CM892254
Penelope,Roberts,penelope.roberts@foo.bar,CM893707
Amanda,Taylor,amanda.taylor@foo.bar,CM895061
Frederick,Thompson,frederick.thompson@foo.bar,CM895400
Frederick,Ellis,frederick.ellis@foo.bar,CM895668
Heather,Howard,heather.howard@foo.bar,CM896237
Fiona,Murphy,fiona.murphy@foo.bar,CM898184
Connie,Johnson,connie.johnson@foo.bar,CM899664
Lilianna,Stevens,lilianna.stevens@foo.bar,CM899793
Stuart,Ferguson,stuart.ferguson@foo.bar,CM899993
Alen,Baker,alen.baker@foo.bar,CM900435
Jacob,Scott,jacob.scott@foo.bar,CM900692
Arnold,Gray,arnold.gray@foo.bar,CM901366
Chelsea,Mitchell,chelsea.mitchell@foo.bar,CM901915
Martin,Lloyd,martin.lloyd@foo.bar,CM903266
Deanna,Myers,deanna.myers@foo.bar,CM905499
Kate,Evans,kate.evans@foo.bar,CM906114
James,Brooks,james.brooks@foo.bar,CM906351
Kate,Rogers,kate.rogers@foo.bar,CM907209
Vanessa,Murray,vanessa.murray@foo.bar,CM907300
Edward,Hamilton,edward.hamilton@foo.bar,CM907622
Jenna,Edwards,jenna.edwards@foo.bar,CM909772
Adrian,Thomas,adrian.thomas@foo.bar,CM910128
Penelope,Nelson,penelope.nelson@foo.bar,CM911174
Abraham,Davis,abraham.davis@foo.bar,CM911938
Jared,Adams,jared.adams@foo.bar,CM912155
Aldus,Wells,aldus.wells@foo.bar,CM912309
Carina,Hawkins,carina.hawkins@foo.bar,CM912500
Patrick,Richards,patrick.richards@foo.bar,CM913129
Nicholas,Grant,nicholas.grant@foo.bar,CM916396
Brad,Walker,brad.walker@foo.bar,CM917886
Mary,Tucker,mary.tucker@foo.bar,CM918080
Abigail,Cooper,abigail.cooper@foo.bar,CM918298
Amber,Brooks,amber.brooks@foo.bar,CM919264
Camila,Armstrong,camila.armstrong@foo.bar,CM919340
Rebecca,Hunt,rebecca.hunt@foo.bar,CM919715
Adelaide,Stevens,adelaide.stevens@foo.bar,CM920124
Ada,Thomas,ada.thomas@foo.bar,CM920579
Abraham,Henderson,abraham.henderson@foo.bar,CM923020
Tara,Scott,tara.scott@foo.bar,CM923734
Edgar,Bailey,edgar.bailey@foo.bar,CM923890
Jack,Morrison,jack.morrison@foo.bar,CM924520
Naomi,Taylor,naomi.taylor@foo.bar,CM924578
Kevin,Ferguson,kevin.ferguson@foo.bar,CM924766
William,Farrell,william.farrell@foo.bar,CM924785
Miranda,Richardson,miranda.richardson@foo.bar,CM924809
Roman,Harris,roman.harris@foo.bar,CM925201
Preston,Wilson,preston.wilson@foo.bar,CM925800
Walter,Reed,walter.reed@foo.bar,CM927764
Charlie,Mitchell,charlie.mitchell@foo.bar,CM927956
Rubie,Elliott,rubie.elliott@foo.bar,CM928756
Oscar,Watson,oscar.watson@foo.bar,CM929881
Adam,Martin,adam.martin@foo.bar,CM929935
Charlie,Stewart,charlie.stewart@foo.bar,CM929955
Byron,Johnson,byron.johnson@foo.bar,CM931225
Tess,Parker,tess.parker@foo.bar,CM932333
Alina,Roberts,alina.roberts@foo.bar,CM932507
Michelle,Harrison,michelle.harrison@foo.bar,CM932737
Anna,Harrison,anna.harrison@foo.bar,CM934773
Kimberly,Stewart,kimberly.stewart@foo.bar,CM935743
Adison,Craig,adison.craig@foo.bar,CM936925
Edwin,Harper,edwin.harper@foo.bar,CM937868
Arthur,Mitchell,arthur.mitchell@foo.bar,CM940996
Mary,Gibson,mary.gibson@foo.bar,CM941035
Penelope,Perkins,penelope.perkins@foo.bar,CM943126
Tiana,Foster,tiana.foster@foo.bar,CM943514
Adam,Spencer,adam.spencer@foo.bar,CM944125
Kelvin,Morris,kelvin.morris@foo.bar,CM944138
Paul,Moore,paul.moore@foo.bar,CM946301
Heather,Casey,heather.casey@foo.bar,CM946438
Carlos,Barrett,carlos.barrett@foo.bar,CM946860
Lucia,Perry,lucia.perry@foo.bar,CM946970
George,Hamilton,george.hamilton@foo.bar,CM947060
Samantha,Cooper,samantha.cooper@foo.bar,CM947382
Rafael,Cooper,rafael.cooper@foo.bar,CM947635
Sam,Stevens,sam.stevens@foo.bar,CM947950
Adele,Williams,adele.williams@foo.bar,CM948066
Madaline,Miller,madaline.miller@foo.bar,CM948233
Cadie,Crawford,cadie.crawford@foo.bar,CM949219
Mary,Mitchell,mary.mitchell@foo.bar,CM949805
Alexander,Higgins,alexander.higgins@foo.bar,CM950462
Antony,Carroll,antony.carroll@foo.bar,CM951485
Ryan,Tucker,ryan.tucker@foo.bar,CM951677
Adam,Smith,adam.smith@foo.bar,CM951886
Reid,Foster,reid.foster@foo.bar,CM952576
Rubie,Perkins,rubie.perkins@foo.bar,CM952632
Spike,Gray,spike.gray@foo.bar,CM952847
Connie,Casey,connie.casey@foo.bar,CM954800
Kirsten,Walker,kirsten.walker@foo.bar,CM955650
Max,Ferguson,max.ferguson@foo.bar,CM956367
Amber,Roberts,amber.roberts@foo.bar,CM956663
Haris,Chapman,haris.chapman@foo.bar,CM956670
Leonardo,Cameron,leonardo.cameron@foo.bar,CM957747
Briony,Johnston,briony.johnston@foo.bar,CM959275
Paige,Baker,paige.baker@foo.bar,CM959807
Frederick,Watson,frederick.watson@foo.bar,CM960066
Wilson,Ferguson,wilson.ferguson@foo.bar,CM960259
Belinda,Perry,belinda.perry@foo.bar,CM962230
Freddie,Myers,freddie.myers@foo.bar,CM962439
Fenton,Morrison,fenton.morrison@foo.bar,CM965461
Eric,Cameron,eric.cameron@foo.bar,CM966476
Rebecca,Kelley,rebecca.kelley@foo.bar,CM966527
Richard,Davis,richard.davis@foo.bar,CM967520
Miller,Casey,miller.casey@foo.bar,CM967671
Rosie,Farrell,rosie.farrell@foo.bar,CM968049
Eddy,Sullivan,eddy.sullivan@foo.bar,CM969270
William,Perry,william.perry@foo.bar,CM969393
Henry,Martin,henry.martin@foo.bar,CM970818
Julia,Brown,julia.brown@foo.bar,CM971380
George,Watson,george.watson@foo.bar,CM971763
Edgar,Stewart,edgar.stewart@foo.bar,CM974045
Kristian,Barrett,kristian.barrett@foo.bar,CM975263
Tess,Gibson,tess.gibson@foo.bar,CM975750
Thomas,Wells,thomas.wells@foo.bar,CM975911
Maddie,Brown,maddie.brown@foo.bar,CM976414
Leonardo,Fowler,leonardo.fowler@foo.bar,CM976917
Lily,Robinson,lily.robinson@foo.bar,CM977016
Alina,Thomas,alina.thomas@foo.bar,CM977330
Caroline,Farrell,caroline.farrell@foo.bar,CM978130
Naomi,Bailey,naomi.bailey@foo.bar,CM978538
Sam,Gray,sam.gray@foo.bar,CM981909
Deanna,Crawford,deanna.crawford@foo.bar,CM981944
Rosie,Harrison,rosie.harrison@foo.bar,CM982661
Eleanor,Morrison,eleanor.morrison@foo.bar,CM983746
Alexander,Miller,alexander.miller@foo.bar,CM984668
Audrey,Perry,audrey.perry@foo.bar,CM984992
Kirsten,West,kirsten.west@foo.bar,CM987036
Aida,Murray,aida.murray@foo.bar,CM987440
Melissa,Andrews,melissa.andrews@foo.bar,CM987669
Adrian,Barnes,adrian.barnes@foo.bar,CM988380
Tiana,Cole,tiana.cole@foo.bar,CM990413
Lucy,Harrison,lucy.harrison@foo.bar,CM992076
Lydia,Gray,lydia.gray@foo.bar,CM992241
Albert,Richardson,albert.richardson@foo.bar,CM993720
Adrian,Howard,adrian.howard@foo.bar,CM993790
Sabrina,Wells,sabrina.wells@foo.bar,CM994161
Sabrina,Riley,sabrina.riley@foo.bar,CM994458
Honey,Davis,honey.davis@foo.bar,CM994623
Cadie,Kelley,cadie.kelley@foo.bar,CM996260
Jordan,Gibson,jordan.gibson@foo.bar,CM996873
Brad,Morris,brad.morris@foo.bar,CM996975
Paige,Brown,paige.brown@foo.bar,CM997100
Emma,Carroll,emma.carroll@foo.bar,CM997604
Savana,Morrison,savana.morrison@foo.bar,CM997686
Derek,Perkins,derek.perkins@foo.bar,CM999602